"Object Designation","Year Range","Potential Impacts","Impact Probability (cumulative)","Vinfinity (km/s)","H (mag)","Estimated Diameter (km)","Palermo Scale (cum.)","Palermo Scale (max.)","Torino Scale (max.)",""
"101955 Bennu (1999 RQ36)","2178-2290","157","5.7e-4","5.99","20.6","0.490","-1.41","-1.59","","a0101955"
"29075 (1950 DA)","2880-2880","1","2.9e-5","14.10","17.9","1.300","-2.05","-2.05","","a0029075"
"(2007 FT3)","2024-2119","89","8.6e-7","17.07","20.0","0.341","-2.63","-2.79","0","bK07F03T"
"(1979 XB)","2056-2113","4","8.5e-7","23.76","18.5","0.660","-2.71","-3.01","0","bJ79X00B"
"(2000 SG344)","2069-2122","300","2.7e-3","1.36","24.8","0.037","-2.78","-3.13","0","bK00SY4G"
"(2008 JL3)","2027-2122","44","1.7e-4","8.42","25.3","0.029","-2.98","-2.99","0","bK08J03L"
"(2010 RF12)","2095-2122","70","1.0e-1","5.10","28.4","0.007","-2.98","-2.98","0","bK10R12F"
"(2024 BY15)","2070-2124","733","1.5e-2","NaN","26.7","0.016","-2.99","-3.25","0","bK24B15Y"
"(2022 PX1)","2040-2040","1","3.2e-6","35.11","22.3","0.120","-3.15","-3.15","0","bK22P01X"
"(2005 QK76)","2030-2059","6","7.1e-5","19.67","25.2","0.031","-3.25","-3.36","0","bK05Q76K"
"(2022 YO1)","2024-2044","5","2.3e-3","14.42","30.0","0.003","-3.26","-3.26","0","bK22Y01O"
"(2021 GX9)","2032-2052","2","8.2e-5","16.79","25.3","0.029","-3.36","-3.36","0","bK21G09X"
"(2015 JJ)","2111-2111","1","2.1e-5","10.70","22.1","0.130","-3.56","-3.56","0","bK15J00J"
"(2023 DO)","2057-2092","25","4.5e-4","6.97","25.6","0.026","-3.60","-3.61","0","bK23D00O"
"(2008 UB7)","2044-2101","50","3.4e-5","18.53","23.8","0.058","-3.63","-4.26","0","bK08U07B"
"(2019 VB37)","2049-2067","5","5.7e-5","14.55","24.5","0.043","-3.64","-3.65","0","bK19V37B"
"(2007 DX40)","2035-2122","93","7.8e-5","15.52","24.6","0.040","-3.67","-4.05","0","bK07D40X"
"(2016 YM4)","2121-2121","1","1.3e-5","18.98","22.4","0.110","-3.69","-3.69","0","bK16Y04M"
"(2000 SB45)","2067-2118","194","1.6e-4","7.53","24.3","0.046","-3.73","-4.20","0","bK00S45B"
"(2012 QD8)","2047-2120","16","6.1e-6","20.76","23.1","0.081","-3.75","-3.83","0","bK12Q08D"
"(2008 EX5)","2056-2093","28","5.3e-5","9.92","23.8","0.059","-3.79","-4.06","0","bK08E05X"
"(2020 VW)","2074-2079","12","7.0e-3","9.69","28.3","0.007","-3.83","-4.11","0","bK20V00W"
"(2017 WT28)","2083-2121","113","1.2e-2","4.47","28.1","0.008","-3.84","-3.86","0","bK17W28T"
"(2020 VV)","2044-2122","424","2.3e-3","2.58","27.3","0.012","-3.84","-4.33","0","bK20V00V"
"(2012 HG2)","2052-2122","689","2.0e-3","3.32","27.0","0.014","-3.85","-4.28","0","bK12H02G"
"(2013 VW13)","2063-2095","14","4.4e-4","16.35","26.2","0.019","-3.87","-4.04","0","bK13V13W"
"(2023 VD3)","2034-2098","4","1.7e-4","17.78","27.0","0.013","-3.92","-3.92","0","bK23V03D"
"(2006 DM63)","2031-2122","46","1.4e-4","10.37","26.7","0.015","-4.01","-4.26","0","bK06D63M"
"(2020 OB)","2114-2122","9","1.7e-5","25.44","23.7","0.062","-4.03","-4.28","0","bK20O00B"
"(2021 EU)","2056-2123","6","5.5e-5","21.22","25.4","0.028","-4.04","-4.09","0","bK21E00U"
"(2008 CC71)","2034-2082","32","4.1e-5","8.05","24.9","0.036","-4.04","-4.35","0","bK08C71C"
"(2007 KE4)","2029-2096","3","2.0e-5","10.06","25.2","0.031","-4.06","-4.07","0","bK07K04E"
"(2009 BE)","2037-2122","90","3.6e-4","11.46","26.1","0.020","-4.07","-4.38","0","bK09B00E"
"(2015 YJ)","2042-2122","119","1.6e-3","16.35","28.3","0.007","-4.07","-4.31","0","bK15Y00J"
"(2013 TP4)","2026-2026","1","3.5e-5","25.30","27.5","0.011","-4.08","-4.08","0","bK13T04P"
"(2024 CU)","2062-2123","65","8.5e-4","7.42","26.3","0.019","-4.09","-4.45","0","bK24C00U"
"(2023 TB2)","2102-2123","13","6.3e-5","6.86","23.8","0.058","-4.09","-4.20","0","bK23T02B"
"(2020 FA5)","2065-2110","3","6.6e-7","27.53","21.1","0.210","-4.10","-4.17","0","bK20F05A"
"(2014 GN1)","2061-2065","2","2.1e-5","21.23","24.6","0.041","-4.10","-4.10","0","bK14G01N"
"(2023 BZ)","2026-2026","1","3.8e-5","8.25","26.6","0.016","-4.10","-4.10","0","bK23B00Z"
"(2022 UY14)","2043-2043","1","2.1e-5","20.36","25.1","0.032","-4.10","-4.10","0","bK22U14Y"
"(2010 GM23)","2087-2122","61","8.1e-5","13.44","24.7","0.039","-4.11","-4.70","0","bK10G23M"
"(2020 KD3)","2083-2104","21","6.0e-4","7.93","26.4","0.017","-4.12","-4.13","0","bK20K03D"
"(2023 XC14)","2066-2075","3","1.9e-5","8.88","23.7","0.061","-4.13","-4.13","0","bK23X14C"
"(2010 CR5)","2062-2062","3","7.9e-8","23.87","19.8","0.370","-4.15","-4.17","0","bK10C05R"
"(2017 LD)","2053-2122","319","2.2e-3","4.49","27.5","0.011","-4.15","-4.72","0","bK17L00D"
"(2006 RH120)","2044-2122","108","1.3e-2","NaN","29.6","0.004","-4.16","-4.39","0","bK06RC0H"
"(2021 GE2)","2030-2030","1","7.3e-4","15.36","29.1","0.005","-4.16","-4.16","0","bK21G02E"
"(2006 JY26)","2073-2122","107","5.0e-3","2.98","28.4","0.007","-4.16","-4.17","0","bK06J26Y"
"(2020 MJ)","2083-2107","38","1.0e-4","17.06","25.3","0.030","-4.17","-4.37","0","bK20M00J"
"(2012 VE77)","2033-2035","2","4.6e-5","15.33","26.3","0.018","-4.18","-4.18","0","bK12V77E"
"(2021 AM6)","2064-2120","68","5.3e-4","5.21","26.6","0.016","-4.18","-4.52","0","bK21A06M"
"(2016 WG)","2076-2118","44","6.3e-6","23.60","23.3","0.075","-4.18","-4.93","0","bK16W00G"
"(2010 UK)","2068-2121","48","6.7e-4","6.08","26.9","0.014","-4.20","-4.21","0","bK10U00K"
"(1994 GK)","2050-2067","9","1.7e-5","14.88","24.2","0.048","-4.21","-4.23","0","bJ94G00K"
"(2019 LU1)","2056-2070","7","5.2e-6","31.80","24.2","0.048","-4.24","-4.27","0","bK19L01U"
"(2022 NX1)","2075-2121","50","3.2e-3","NaN","28.0","0.008","-4.25","-4.30","0","bK22N01X"
"(2008 HJ)","2077-2122","32","2.6e-4","7.53","25.8","0.024","-4.26","-4.72","0","bK08H00J"
"(2006 CM10)","2092-2092","1","1.0e-6","22.34","21.7","0.150","-4.27","-4.27","0","bK06C10M"
"(2011 DU9)","2041-2059","6","1.9e-4","8.77","26.7","0.016","-4.27","-4.28","0","bK11D09U"
"(2019 LW4)","2083-2117","36","1.0e-3","8.62","27.3","0.012","-4.27","-4.31","0","bK19L04W"
"(2002 RB182)","2036-2120","28","5.9e-6","13.57","22.8","0.092","-4.28","-4.95","0","bK02RI2B"
"(2018 DQ)","2027-2121","104","2.2e-4","20.85","29.1","0.005","-4.28","-4.30","0","bK18D00Q"
"(2014 JU15)","2071-2121","126","5.4e-5","10.35","24.7","0.039","-4.29","-5.06","0","bK14J15U"
"(2022 SX55)","2035-2058","5","4.0e-3","12.05","30.2","0.003","-4.29","-4.29","0","bK22S55X"
"(2022 YS6)","2065-2078","11","3.7e-4","10.04","26.8","0.015","-4.30","-4.31","0","bK22Y06S"
"(2011 BL45)","2050-2122","307","1.0e-3","1.68","27.1","0.013","-4.34","-4.54","0","bK11B45L"
"(2020 CQ1)","2070-2122","50","4.6e-3","4.90","28.8","0.006","-4.34","-4.35","0","bK20C01Q"
"(2018 TY4)","2033-2060","2","3.1e-4","10.67","28.1","0.008","-4.35","-4.35","0","bK18T04Y"
"(2022 KM4)","2075-2075","2","2.3e-7","24.97","20.9","0.220","-4.35","-4.57","0","bK22K04M"
"(2005 XA8)","2069-2090","38","9.4e-5","12.08","25.6","0.025","-4.36","-4.48","0","bK05X08A"
"(2011 EB74)","2032-2121","196","4.0e-4","7.53","26.9","0.014","-4.36","-5.23","0","bK11E74B"
"(2008 ST7)","2062-2112","26","2.7e-5","9.97","24.1","0.052","-4.37","-4.77","0","bK08S07T"
"(2012 BA77)","2025-2088","18","2.9e-5","12.72","25.9","0.023","-4.38","-4.68","0","bK12B77A"
"(2000 UK11)","2122-2122","2","1.2e-4","6.29","25.0","0.034","-4.39","-4.48","0","bK00U11K"
"(2008 EZ84)","2072-2122","16","1.9e-4","7.91","26.2","0.020","-4.40","-4.70","0","bK08E84Z"
"(2023 SN8)","2026-2123","6","8.6e-5","8.03","28.0","0.009","-4.41","-4.41","0","bK23S08N"
"(2010 VQ)","2087-2122","21","1.6e-3","4.63","27.7","0.010","-4.42","-4.46","0","bK10V00Q"
"(2018 JD)","2067-2114","19","2.6e-4","8.01","26.7","0.016","-4.45","-4.46","0","bK18J00D"
"(2010 QG2)","2051-2066","7","9.5e-6","12.89","24.4","0.044","-4.46","-4.48","0","bK10Q02G"
"(2022 OH2)","2087-2122","137","1.1e-3","3.62","27.4","0.011","-4.46","-4.73","0","bK22O02H"
"(2012 MF7)","2046-2104","19","1.6e-4","8.70","26.8","0.015","-4.47","-4.51","0","bK12M07F"
"(2007 KO4)","2030-2113","35","1.9e-6","13.78","23.3","0.076","-4.47","-5.05","0","bK07K04O"
"(2000 WJ107)","2110-2119","39","7.5e-6","12.77","23.1","0.081","-4.47","-4.81","0","bK00WA7J"
"(2002 MN)","2053-2122","20","9.5e-6","10.37","23.3","0.073","-4.48","-4.91","0","bK02M00N"
"(2016 RD34)","2051-2117","116","5.5e-4","1.13","27.4","0.011","-4.50","-4.81","0","bK16R34D"
"(2017 SF20)","2034-2061","4","3.4e-4","10.44","28.4","0.007","-4.51","-4.51","0","bK17S20F"
"(2013 GM3)","2028-2122","136","1.5e-4","7.14","26.2","0.019","-4.51","-5.28","0","bK13G03M"
"(2021 SU1)","2054-2120","43","2.0e-4","6.24","26.6","0.017","-4.52","-4.63","0","bK21S01U"
"(2021 TT1)","2048-2048","1","3.9e-5","17.12","26.2","0.019","-4.54","-4.54","0","bK21T01T"
"(2021 VM1)","2081-2102","18","8.3e-5","14.56","25.8","0.024","-4.55","-4.63","0","bK21V01M"
"(2020 XF)","2056-2122","528","3.9e-4","3.27","26.8","0.015","-4.56","-5.21","0","bK20X00F"
"(2015 XA378)","2092-2121","40","5.7e-5","17.90","25.6","0.026","-4.56","-4.81","0","bK15Xb8A"
"(2021 QY3)","2085-2119","81","1.0e-4","12.08","25.8","0.024","-4.60","-5.13","0","bK21Q03Y"
"(2023 XE3)","2053-2123","81","5.0e-4","2.01","27.5","0.011","-4.60","-4.68","0","bK23X03E"
"(2020 JK)","2063-2122","50","8.9e-6","18.64","24.1","0.052","-4.61","-5.47","0","bK20J00K"
"(2022 WW11)","2050-2065","6","9.0e-5","13.42","26.8","0.015","-4.61","-4.61","0","bK22W11W"
"(2007 WP3)","2098-2119","30","7.2e-6","13.03","23.5","0.067","-4.62","-4.91","0","bK07W03P"
"(2021 YW)","2093-2109","32","1.7e-5","24.96","25.0","0.033","-4.62","-5.09","0","bK21Y00W"
"(2016 AB166)","2102-2108","4","1.1e-5","21.59","24.4","0.044","-4.62","-4.64","0","bK16AG6B"
"(2018 GR4)","2058-2121","83","3.2e-4","2.60","27.1","0.013","-4.62","-4.67","0","bK18G04R"
"(2006 HF6)","2068-2112","25","1.0e-5","16.40","24.5","0.043","-4.62","-5.11","0","bK06H06F"
"(2014 CR13)","2102-2117","25","8.7e-5","12.29","25.7","0.024","-4.63","-4.74","0","bK14C13R"
"(2018 NW)","2046-2122","112","4.9e-4","21.14","27.8","0.009","-4.63","-5.27","0","bK18N00W"
"(2017 FO63)","2088-2108","3","2.1e-6","29.28","23.4","0.070","-4.64","-4.65","0","bK17F63O"
"(2016 DK1)","2043-2122","121","3.0e-4","6.87","27.4","0.011","-4.64","-5.05","0","bK16D01K"
"(2022 VE1)","2068-2118","15","1.2e-5","17.15","24.4","0.045","-4.65","-5.12","0","bK22V01E"
"(2014 YN)","2093-2121","52","1.5e-4","3.28","25.7","0.024","-4.65","-5.20","0","bK14Y00N"
"(2020 UE)","2042-2120","37","3.2e-5","14.58","25.5","0.027","-4.65","-5.10","0","bK20U00E"
"(2011 UM169)","2099-2108","24","3.1e-5","13.96","25.1","0.033","-4.66","-4.88","0","bK11UG9M"
"(2020 VN1)","2115-2122","2","1.7e-3","2.96","27.9","0.009","-4.67","-4.67","0","bK20V01N"
"(2011 SO189)","2056-2102","16","9.9e-5","12.99","26.5","0.017","-4.68","-5.04","0","bK11SI9O"
"(2014 WA201)","2074-2084","12","1.6e-4","11.57","26.8","0.015","-4.69","-4.70","0","bK14WK1A"
"(2007 HB15)","2050-2122","97","5.1e-4","6.34","27.8","0.010","-4.70","-4.88","0","bK07H15B"
"(2017 VL2)","2087-2121","109","1.3e-4","8.33","26.1","0.021","-4.70","-5.36","0","bK17V02L"
"(2013 HN158)","2053-2107","3","8.1e-6","9.13","24.5","0.043","-4.71","-4.71","0","bK13HF8N"
"(2016 EO28)","2035-2065","35","6.0e-4","6.98","29.1","0.005","-4.72","-4.74","0","bK16E28O"
"(2022 AT2)","2080-2080","1","2.6e-4","6.44","26.9","0.014","-4.73","-4.73","0","bK22A02T"
"(2020 DJ1)","2083-2118","41","2.5e-5","14.02","24.8","0.036","-4.73","-4.84","0","bK20D01J"
"(2020 DF3)","2065-2101","5","2.8e-6","26.80","24.2","0.050","-4.74","-4.96","0","bK20D03F"
"(2017 YM1)","2049-2110","20","3.1e-5","11.08","25.1","0.032","-4.74","-4.93","0","bK17Y01M"
"(2019 QR3)","2073-2089","21","2.3e-4","10.98","27.1","0.013","-4.74","-5.05","0","bK19Q03R"
"(2023 EB)","2053-2123","106","9.2e-5","7.40","26.2","0.020","-4.74","-5.24","0","bK23E00B"
"(2012 EK5)","2064-2111","19","3.5e-5","15.13","25.6","0.026","-4.75","-5.03","0","bK12E05K"
"(2011 OB26)","2089-2122","94","5.7e-5","10.99","25.5","0.027","-4.75","-5.25","0","bK11O26B"
"(2008 PK9)","2049-2065","3","5.6e-7","26.35","23.2","0.077","-4.77","-4.95","0","bK08P09K"
"(2010 KV7)","2034-2122","139","4.1e-5","5.37","26.0","0.021","-4.77","-5.07","0","bK10K07V"
"(2019 SJ)","2082-2123","21","5.7e-4","8.52","27.6","0.010","-4.78","-5.08","0","bK19S00J"
"(2011 XC2)","2056-2056","1","6.8e-7","20.75","23.0","0.085","-4.78","-4.78","0","bK11X02C"
"(2018 NJ)","2083-2122","29","6.6e-4","5.85","27.8","0.009","-4.80","-4.81","0","bK18N00J"
"(2023 SE2)","2049-2052","3","8.4e-6","24.69","25.7","0.024","-4.81","-4.96","0","bK23S02E"
"(2017 RV2)","2070-2122","62","1.4e-4","6.48","26.2","0.019","-4.82","-5.38","0","bK17R02V"
"(2011 VG9)","2104-2104","2","4.7e-7","24.87","22.2","0.120","-4.82","-4.99","0","bK11V09G"
"(2012 ES10)","2056-2064","6","1.2e-6","24.36","23.7","0.061","-4.83","-5.11","0","bK12E10S"
"(2010 JH110)","2071-2102","5","1.1e-4","8.07","26.3","0.019","-4.84","-4.98","0","bK10JB0H"
"(2020 TY4)","2099-2099","2","9.3e-6","8.37","24.0","0.054","-4.84","-4.85","0","bK20T04Y"
"(2005 ED224)","2030-2064","2","5.5e-7","26.01","23.9","0.057","-4.84","-4.97","0","bK05EM4D"
"(2019 WE)","2044-2080","9","7.5e-5","8.15","26.8","0.015","-4.84","-4.94","0","bK19W00E"
"(2008 YO2)","2052-2120","56","2.1e-5","16.47","25.2","0.031","-4.85","-5.42","0","bK08Y02O"
"(2019 TU)","2086-2122","24","7.6e-5","9.72","26.0","0.021","-4.85","-4.87","0","bK19T00U"
"(2022 UV15)","2048-2123","72","7.5e-5","11.32","26.0","0.021","-4.85","-5.34","0","bK22U15V"
"(2007 TC14)","2082-2082","1","3.0e-7","25.55","22.1","0.130","-4.85","-4.85","0","bK07T14C"
"(2002 GM5)","2064-2064","1","1.2e-7","20.44","21.4","0.180","-4.86","-4.86","0","bK02G05M"
"(2021 EO2)","2037-2121","203","2.0e-4","5.81","27.8","0.009","-4.86","-4.93","0","bK21E02O"
"(2007 VE8)","2062-2062","1","2.1e-5","9.05","25.4","0.028","-4.87","-4.87","0","bK07V08E"
"(2020 YN)","2046-2060","6","9.1e-5","16.19","27.7","0.010","-4.87","-4.87","0","bK20Y00N"
"(2021 WA1)","2116-2117","2","3.5e-4","13.88","27.6","0.010","-4.89","-4.95","0","bK21W01A"
"(2021 UJ6)","2055-2110","6","2.1e-4","17.51","28.3","0.007","-4.89","-4.93","0","bK21U06J"
"(2002 VU17)","2084-2099","5","1.2e-5","13.69","24.8","0.038","-4.90","-5.35","0","bK02V17U"
"(2020 HL1)","2055-2066","3","1.4e-5","9.44","25.3","0.030","-4.90","-5.02","0","bK20H01L"
"(2013 EV27)","2038-2087","3","2.9e-5","12.37","27.0","0.014","-4.91","-4.91","0","bK13E27V"
"(2016 VB1)","2065-2121","180","1.4e-3","5.45","28.6","0.007","-4.91","-5.47","0","bK16V01B"
"(2011 MX)","2059-2092","32","1.1e-4","12.15","26.9","0.014","-4.91","-5.24","0","bK11M00X"
"(2019 WU2)","2080-2109","16","1.1e-5","11.53","24.6","0.041","-4.91","-5.03","0","bK19W02U"
"(2009 WP6)","2072-2120","46","4.1e-5","25.34","26.8","0.015","-4.92","-5.18","0","bK09W06P"
"(2019 AU6)","2064-2115","21","7.9e-5","8.73","26.6","0.016","-4.92","-5.20","0","bK19A06U"
"(2020 YA3)","2070-2119","9","3.7e-5","12.20","26.0","0.021","-4.92","-4.94","0","bK20Y03A"
"(2009 VA)","2025-2043","5","4.0e-5","8.24","28.6","0.006","-4.93","-5.13","0","bK09V00A"
"(2020 GZ2)","2049-2108","8","2.2e-4","9.54","28.1","0.008","-4.93","-4.93","0","bK20G02Z"
"(2021 EJ3)","2078-2122","156","6.5e-4","2.16","27.7","0.010","-4.94","-5.37","0","bK21E03J"
"(2021 RB6)","2075-2117","14","4.3e-4","9.23","28.0","0.009","-4.94","-4.97","0","bK21R06B"
"(2020 US7)","2028-2121","134","1.7e-5","7.36","25.8","0.024","-4.95","-5.44","0","bK20U07S"
"(2005 EL70)","2034-2034","1","2.3e-7","35.53","24.1","0.052","-4.97","-4.97","0","bK05E70L"
"(2022 WF15)","2030-2042","3","4.2e-5","12.22","27.7","0.010","-4.98","-4.99","0","bK22W15F"
"(1996 TC1)","2064-2072","4","1.3e-6","24.00","23.9","0.055","-4.98","-5.00","0","bJ96T01C"
"(2020 BW5)","2046-2122","31","3.3e-5","8.67","26.4","0.018","-4.99","-5.04","0","bK20B05W"
"(2005 CC37)","2117-2117","1","1.9e-6","8.42","22.7","0.098","-4.99","-4.99","0","bK05C37C"
"(2020 XA6)","2062-2073","6","1.9e-6","20.69","24.1","0.052","-4.99","-5.39","0","bK20X06A"
"(2020 HB3)","2105-2123","15","2.3e-5","11.42","25.1","0.032","-5.00","-5.05","0","bK20H03B"
"(2004 VM24)","2049-2114","44","2.4e-5","12.86","25.7","0.025","-5.01","-5.65","0","bK04V24M"
"(2008 CT1)","2028-2122","73","2.3e-4","13.77","27.6","0.010","-5.01","-5.31","0","bK08C01T"
"(2017 GG8)","2066-2078","5","3.0e-5","11.46","26.1","0.021","-5.01","-5.06","0","bK17G08G"
"(2000 LG6)","2081-2122","116","2.1e-3","2.11","29.0","0.005","-5.01","-5.41","0","bK00L06G"
"(2021 JA1)","2084-2121","39","1.9e-5","20.98","25.6","0.026","-5.02","-5.28","0","bK21J01A"
"(2021 OV)","2029-2122","124","3.4e-5","13.85","27.7","0.010","-5.02","-5.14","0","bK21O00V"
"(2004 GE2)","2106-2109","2","1.6e-7","20.56","21.4","0.180","-5.03","-5.06","0","bK04G02E"
"(2009 FJ)","2058-2121","16","1.5e-5","8.94","24.9","0.036","-5.04","-5.44","0","bK09F00J"
"(2023 FX13)","2070-2088","13","1.8e-5","12.67","25.6","0.026","-5.04","-5.20","0","bK23F13X"
"(2023 HV5)","2086-2096","12","1.6e-4","8.92","27.1","0.013","-5.04","-5.14","0","bK23H05V"
"(2020 KN2)","2063-2121","24","4.3e-5","7.88","26.3","0.018","-5.05","-5.06","0","bK20K02N"
"(2019 JO1)","2044-2052","3","4.0e-5","18.23","27.3","0.012","-5.05","-5.08","0","bK19J01O"
"(2006 JE)","2094-2112","7","1.7e-6","26.27","23.8","0.058","-5.05","-5.22","0","bK06J00E"
"(2012 SY49)","2031-2120","37","1.0e-5","15.64","25.8","0.023","-5.06","-5.41","0","bK12S49Y"
"(2024 AM)","2069-2081","2","2.1e-4","8.82","27.8","0.009","-5.06","-5.06","0","bK24A00M"
"(2018 XQ2)","2065-2122","144","6.4e-4","3.80","28.1","0.008","-5.07","-5.49","0","bK18X02Q"
"(2020 VB5)","2037-2037","1","3.2e-5","16.92","27.7","0.010","-5.07","-5.07","0","bK20V05B"
"(2009 TH8)","2097-2100","4","9.8e-6","13.03","24.9","0.036","-5.08","-5.15","0","bK09T08H"
"(2022 YW6)","2046-2090","15","8.2e-5","29.33","28.7","0.006","-5.08","-5.34","0","bK22Y06W"
"(2016 HF3)","2078-2078","1","9.6e-6","7.93","24.8","0.037","-5.08","-5.08","0","bK16H03F"
"(2014 UD57)","2076-2121","28","3.5e-5","8.72","25.8","0.023","-5.08","-5.16","0","bK14U57D"
"(1994 GV)","2036-2122","95","1.8e-4","8.09","27.5","0.011","-5.08","-5.68","0","bJ94G00V"
"(2006 BC8)","2050-2122","57","1.3e-5","13.16","25.1","0.032","-5.09","-5.41","0","bK06B08C"
"(2023 JF)","2057-2119","58","2.2e-4","6.85","27.6","0.010","-5.09","-5.27","0","bK23J00F"
"(2022 MK1)","2099-2111","8","6.0e-6","6.44","23.9","0.055","-5.10","-5.47","0","bK22M01K"
"(2021 DR)","2046-2122","240","3.3e-4","3.44","27.8","0.009","-5.10","-5.60","0","bK21D00R"
"(2021 TW2)","2079-2121","43","4.8e-5","3.81","25.7","0.025","-5.10","-5.25","0","bK21T02W"
"(2009 BR5)","2066-2078","4","2.3e-7","17.97","22.1","0.130","-5.11","-5.15","0","bK09B05R"
"(1995 CS)","2042-2063","14","2.6e-6","25.22","25.5","0.028","-5.11","-5.28","0","bJ95C00S"
"(2010 VW194)","2042-2121","56","6.5e-5","7.31","26.5","0.017","-5.11","-5.70","0","bK10VJ4W"
"(2023 OE5)","2076-2121","33","9.0e-5","3.49","26.3","0.018","-5.11","-5.50","0","bK23O05E"
"(2007 CC27)","2056-2102","62","7.6e-5","10.88","26.9","0.014","-5.12","-5.64","0","bK07C27C"
"(2016 NL39)","2055-2122","323","2.8e-4","3.94","27.6","0.010","-5.12","-5.91","0","bK16N39L"
"(2022 UL11)","2096-2123","52","1.6e-3","8.92","29.1","0.005","-5.12","-5.43","0","bK22U11L"
"(2023 WG2)","2077-2120","15","3.3e-5","22.05","26.7","0.015","-5.13","-5.38","0","bK23W02G"
"(2009 OW6)","2077-2121","15","2.1e-5","6.65","25.3","0.029","-5.14","-5.36","0","bK09O06W"
"(2010 JL88)","2037-2122","193","5.9e-5","14.87","26.8","0.015","-5.14","-5.85","0","bK10J88L"
"(2004 PU42)","2071-2122","45","7.6e-5","10.12","26.8","0.015","-5.14","-5.85","0","bK04P42U"
"(2019 FE)","2095-2118","3","5.6e-6","9.93","24.2","0.050","-5.14","-5.17","0","bK19F00E"
"(2017 NT5)","2094-2115","8","6.7e-7","20.15","22.9","0.090","-5.14","-5.55","0","bK17N05T"
"(2016 SA2)","2110-2122","33","7.0e-4","5.20","28.1","0.008","-5.14","-5.47","0","bK16S02A"
"(2007 DS7)","2048-2118","26","2.1e-5","12.39","25.9","0.023","-5.15","-5.37","0","bK07D07S"
"(2021 VP8)","2073-2117","16","6.7e-5","6.58","26.2","0.019","-5.15","-5.23","0","bK21V08P"
"(2001 BA16)","2040-2051","3","9.5e-6","4.90","25.8","0.023","-5.17","-5.20","0","bK01B16A"
"(2011 AM37)","2048-2119","161","1.2e-3","3.65","29.7","0.004","-5.18","-5.30","0","bK11A37M"
"(2013 BL18)","2077-2092","7","2.1e-5","14.19","26.0","0.022","-5.18","-5.33","0","bK13B18L"
"(2020 CO2)","2048-2118","39","3.6e-5","15.78","26.7","0.016","-5.18","-5.40","0","bK20C02O"
"(2017 SA20)","2027-2122","1244","4.5e-4","5.87","28.4","0.007","-5.18","-6.36","0","bK17S20A"
"(2021 SQ)","2062-2071","5","2.5e-4","10.56","28.4","0.007","-5.19","-5.21","0","bK21S00Q"
"(2020 CD3)","2082-2118","115","2.5e-2","NaN","31.8","0.002","-5.19","-5.65","0","bK20C03D"
"(2014 JR24)","2069-2122","82","1.2e-3","3.72","29.3","0.005","-5.20","-5.24","0","bK14J24R"
"(2021 GG1)","2073-2122","66","5.0e-5","14.78","26.6","0.016","-5.20","-5.80","0","bK21G01G"
"(1999 RZ31)","2056-2056","1","1.4e-6","8.20","23.8","0.059","-5.20","-5.20","0","bJ99R31Z"
"(2007 UO6)","2031-2113","12","1.9e-5","11.68","27.4","0.011","-5.22","-5.44","0","bK07U06O"
"(2018 CM)","2054-2120","19","1.6e-4","9.50","27.8","0.009","-5.22","-5.31","0","bK18C00M"
"(2006 QN111)","2079-2079","1","1.9e-6","10.55","23.8","0.060","-5.22","-5.22","0","bK06QB1N"
"(2022 UO28)","2081-2096","25","2.3e-4","12.18","28.0","0.008","-5.22","-5.36","0","bK22U28O"
"(2021 JE1)","2064-2121","79","6.0e-5","8.17","26.7","0.016","-5.23","-5.62","0","bK21J01E"
"(2015 KG158)","2045-2122","87","3.3e-4","7.69","28.3","0.007","-5.23","-5.38","0","bK15KF8G"
"(2012 WS3)","2082-2122","55","3.5e-5","8.79","25.9","0.022","-5.24","-5.64","0","bK12W03S"
"(2010 XN69)","2039-2122","114","3.2e-5","7.30","26.3","0.019","-5.25","-6.15","0","bK10X69N"
"(2014 JU79)","2041-2121","10","3.7e-7","6.17","22.8","0.092","-5.25","-5.65","0","bK14J79U"
"(2017 VJ)","2109-2121","31","6.5e-6","11.52","24.5","0.042","-5.25","-5.88","0","bK17V00J"
"(2022 WE5)","2084-2120","13","1.7e-4","8.11","27.6","0.010","-5.25","-5.29","0","bK22W05E"
"(2022 SD9)","2100-2122","22","3.9e-4","13.42","28.4","0.007","-5.25","-5.29","0","bK22S09D"
"(2022 UD)","2072-2118","88","9.4e-5","11.10","27.2","0.012","-5.25","-5.89","0","bK22U00D"
"(2021 LD6)","2106-2121","8","1.8e-4","2.90","27.2","0.012","-5.26","-5.68","0","bK21L06D"
"(2022 UU14)","2052-2094","7","1.3e-6","29.00","24.5","0.042","-5.27","-5.59","0","bK22U14U"
"(2013 WM)","2047-2105","2","3.8e-7","35.40","23.9","0.055","-5.28","-5.45","0","bK13W00M"
"(2012 BY1)","2043-2074","10","4.5e-6","18.19","25.8","0.024","-5.28","-5.44","0","bK12B01Y"
"(2020 WG5)","2086-2121","28","2.3e-4","5.96","27.7","0.010","-5.28","-5.39","0","bK20W05G"
"(2023 XT20)","2076-2111","5","1.5e-5","17.08","25.8","0.024","-5.28","-5.54","0","bK23X20T"
"(2008 ST)","2048-2122","64","1.4e-4","3.24","27.1","0.013","-5.29","-5.69","0","bK08S00T"
"(2005 WG57)","2029-2122","12","6.9e-7","9.88","23.6","0.063","-5.29","-5.43","0","bK05W57G"
"(2012 VJ38)","2031-2119","52","1.3e-4","4.45","28.5","0.007","-5.29","-5.37","0","bK12V38J"
"(2020 XE)","2040-2040","1","3.2e-6","24.11","26.3","0.019","-5.29","-5.29","0","bK20X00E"
"(2023 MZ5)","2051-2121","68","2.0e-5","11.08","26.1","0.020","-5.29","-5.74","0","bK23M05Z"
"(2020 OR4)","2093-2121","19","8.2e-6","21.37","25.6","0.025","-5.30","-5.61","0","bK20O04R"
"(2020 HQ4)","2051-2122","280","8.9e-5","3.52","27.0","0.014","-5.30","-6.04","0","bK20H04Q"
"443104 (2013 XK22)","2101-2101","1","4.5e-6","6.90","24.2","0.050","-5.30","-5.30","0","a0443104"
"(2011 KF36)","2024-2031","6","7.5e-10","22.04","20.4","0.275","-5.31","-5.63","0","bK11K36F"
"(2021 VB)","2085-2119","59","2.8e-5","6.23","25.8","0.023","-5.31","-5.88","0","bK21V00B"
"(2018 GE2)","2060-2122","46","8.4e-5","6.11","27.0","0.013","-5.31","-5.79","0","bK18G02E"
"(2020 BK3)","2091-2105","5","6.2e-5","10.38","26.9","0.014","-5.31","-5.31","0","bK20B03K"
"(2023 XZ11)","2075-2078","2","5.5e-6","14.53","25.2","0.031","-5.31","-5.32","0","bK23X11Z"
"(2018 TP5)","2074-2113","48","1.7e-5","10.86","25.8","0.024","-5.32","-5.86","0","bK18T05P"
"(2016 DA31)","2031-2122","289","2.8e-4","13.74","29.9","0.004","-5.32","-5.58","0","bK16D31A"
"(2020 BY1)","2049-2049","2","7.9e-6","16.64","26.4","0.018","-5.32","-5.32","0","bK20B01Y"
"(2024 DB1)","2078-2090","3","4.6e-7","23.18","23.3","0.074","-5.33","-5.42","0","bK24D01B"
"(2015 BW516)","2052-2114","6","6.3e-5","11.49","27.7","0.010","-5.34","-5.64","0","bK15Bp6W"
"(2018 PZ21)","2045-2122","25","4.0e-5","6.30","26.7","0.016","-5.34","-5.41","0","bK18P21Z"
"(2012 TV)","2054-2114","27","4.5e-6","16.67","25.2","0.031","-5.35","-5.63","0","bK12T00V"
"(2010 GH7)","2099-2122","153","1.6e-4","5.05","27.3","0.012","-5.36","-5.86","0","bK10G07H"
"(2020 UC)","2049-2120","96","1.3e-4","7.57","27.6","0.010","-5.36","-5.93","0","bK20U00C"
"(2018 JN)","2100-2120","6","1.2e-5","7.76","25.1","0.033","-5.36","-5.52","0","bK18J00N"
"(2005 VN5)","2047-2121","89","5.6e-5","6.57","27.0","0.014","-5.36","-5.84","0","bK05V05N"
"(2021 VY4)","2103-2121","44","3.2e-5","13.91","26.4","0.018","-5.36","-5.90","0","bK21V04Y"
"(2012 BL14)","2030-2122","187","2.0e-5","19.77","28.2","0.008","-5.37","-5.80","0","bK12B14L"
"(2019 HS3)","2055-2083","7","1.0e-5","26.19","26.9","0.014","-5.37","-5.41","0","bK19H03S"
"(2011 CU46)","2061-2122","73","8.3e-6","16.17","25.5","0.027","-5.37","-6.24","0","bK11C46U"
"(2020 BY4)","2055-2122","18","8.6e-6","20.43","26.1","0.020","-5.37","-5.76","0","bK20B04Y"
"(2016 RR1)","2079-2120","45","2.1e-4","6.75","27.8","0.009","-5.37","-5.69","0","bK16R01R"
"(2002 TY59)","2084-2118","7","1.6e-5","8.22","25.4","0.028","-5.37","-5.54","0","bK02T59Y"
"(2023 XN15)","2087-2096","6","2.2e-5","19.49","26.7","0.015","-5.37","-5.64","0","bK23X15N"
"(2021 RF16)","2049-2054","6","2.4e-4","8.44","29.0","0.005","-5.38","-5.49","0","bK21R16F"
"(2018 VS6)","2083-2121","37","4.7e-5","11.80","26.9","0.014","-5.38","-5.57","0","bK18V06S"
"(2005 AU3)","2048-2122","64","1.6e-5","14.41","26.0","0.021","-5.38","-6.10","0","bK05A03U"
"(2021 VA9)","2065-2120","15","5.4e-5","6.87","26.6","0.016","-5.38","-5.40","0","bK21V09A"
"(2010 XB)","2036-2036","1","1.0e-4","19.52","29.6","0.004","-5.39","-5.39","0","bK10X00B"
"(2019 KJ4)","2059-2122","201","9.8e-5","5.01","27.2","0.012","-5.40","-6.22","0","bK19K04J"
"(2020 GB1)","2049-2120","28","2.8e-5","8.28","26.9","0.014","-5.40","-5.52","0","bK20G01B"
"(2005 NX55)","2028-2081","21","1.1e-8","24.80","21.9","0.140","-5.40","-6.00","0","bK05N55X"
"(2024 BX5)","2083-2123","78","1.4e-4","3.60","27.5","0.011","-5.40","-5.59","0","bK24B05X"
"(2021 UT5)","2075-2096","6","2.3e-4","12.10","28.4","0.007","-5.40","-5.56","0","bK21U05T"
"(2011 SM173)","2058-2120","14","5.6e-5","14.25","27.8","0.009","-5.41","-5.45","0","bK11SH3M"
"(2019 SX)","2046-2120","96","5.3e-4","14.43","29.5","0.004","-5.41","-5.64","0","bK19S00X"
"(2015 FA345)","2024-2095","5","1.1e-7","9.67","24.1","0.053","-5.41","-5.43","0","bK15FY5A"
"(2023 PZ)","2077-2122","46","9.6e-4","1.08","29.1","0.005","-5.41","-5.54","0","bK23P00Z"
"(2023 XJ2)","2067-2115","2","2.5e-6","6.27","24.3","0.046","-5.41","-5.42","0","bK23X02J"
"(2020 GA3)","2054-2122","27","4.8e-6","16.87","25.1","0.033","-5.42","-5.81","0","bK20G03A"
"(2008 KO)","2049-2061","3","5.3e-7","23.49","24.4","0.045","-5.42","-5.72","0","bK08K00O"
"(2022 WF1)","2110-2122","8","3.8e-6","11.91","24.5","0.043","-5.42","-5.55","0","bK22W01F"
"(2022 UN)","2123-2123","2","1.0e-7","20.72","21.6","0.160","-5.42","-5.48","0","bK22U00N"
"(2020 PO4)","2053-2122","109","6.7e-5","5.82","26.9","0.014","-5.42","-6.17","0","bK20P04O"
"(2022 RD2)","2083-2122","98","5.6e-4","0.41","28.6","0.007","-5.43","-5.94","0","bK22R02D"
"(2021 EL3)","2088-2122","195","6.1e-4","5.39","28.8","0.006","-5.43","-5.81","0","bK21E03L"
"(2022 TG1)","2101-2122","8","1.9e-5","5.81","25.6","0.025","-5.43","-5.62","0","bK22T01G"
"(2021 WV1)","2048-2121","146","2.4e-4","2.66","28.5","0.007","-5.43","-5.62","0","bK21W01V"
"(2014 GQ17)","2052-2122","153","6.3e-5","5.41","27.1","0.013","-5.44","-5.92","0","bK14G17Q"
"(2021 XV)","2045-2071","14","4.8e-4","10.76","30.1","0.003","-5.44","-5.44","0","bK21X00V"
"(2012 DJ54)","2068-2122","115","3.2e-4","5.43","28.5","0.007","-5.45","-5.84","0","bK12D54J"
"(2009 FZ10)","2111-2115","4","1.0e-5","13.01","25.5","0.027","-5.45","-5.47","0","bK09F10Z"
"(2020 PQ2)","2066-2093","3","8.3e-7","20.40","24.3","0.048","-5.45","-5.51","0","bK20P02Q"
"(2007 EV)","2080-2121","15","6.9e-6","10.59","25.0","0.033","-5.46","-6.00","0","bK07E00V"
"(2009 CZ1)","2058-2111","3","9.9e-7","17.88","24.4","0.044","-5.46","-5.70","0","bK09C01Z"
"(2016 BA15)","2050-2114","28","1.4e-5","15.88","26.8","0.015","-5.46","-5.58","0","bK16B15A"
"(2021 UW1)","2092-2120","12","1.8e-5","13.77","26.2","0.020","-5.46","-5.57","0","bK21U01W"
"(2023 HD6)","2077-2086","3","6.4e-5","9.04","27.4","0.011","-5.46","-5.48","0","bK23H06D"
"(2011 EB)","2070-2122","6","3.4e-5","10.31","26.9","0.014","-5.47","-5.55","0","bK11E00B"
"(2022 KV6)","2070-2070","2","4.4e-7","25.27","24.0","0.055","-5.47","-5.71","0","bK22K06V"
"(2023 TL3)","2066-2071","4","3.4e-6","16.30","25.4","0.028","-5.47","-5.53","0","bK23T03L"
"(2013 FU13)","2081-2122","24","7.8e-5","5.73","27.2","0.012","-5.48","-5.97","0","bK13F13U"
"(2010 HV20)","2116-2116","3","8.8e-8","24.74","21.9","0.140","-5.48","-5.50","0","bK10H20V"
"(2013 WZ44)","2111-2117","5","1.3e-5","12.55","25.7","0.025","-5.48","-5.65","0","bK13W44Z"
"(2023 XZ13)","2053-2123","55","1.4e-4","8.49","28.4","0.007","-5.48","-5.51","0","bK23X13Z"
"(2021 EA)","2055-2060","5","6.8e-5","9.46","28.0","0.009","-5.49","-5.52","0","bK21E00A"
"(2009 RR)","2098-2120","58","9.3e-6","12.95","25.6","0.026","-5.50","-6.29","0","bK09R00R"
"(2021 JW2)","2046-2122","216","1.1e-4","4.89","27.6","0.010","-5.50","-6.34","0","bK21J02W"
"(2021 FM2)","2070-2083","9","1.1e-3","10.85","30.3","0.003","-5.50","-5.50","0","bK21F02M"
"(2022 XO1)","2093-2122","16","3.4e-5","8.94","26.6","0.016","-5.51","-5.57","0","bK22X01O"
"(2021 KT2)","2057-2120","17","1.4e-4","8.27","28.4","0.007","-5.51","-5.59","0","bK21K02T"
"(2023 TW2)","2063-2123","72","2.6e-5","2.67","26.3","0.018","-5.51","-5.91","0","bK23T02W"
"(2014 HN197)","2069-2118","12","6.5e-9","22.00","19.9","0.350","-5.52","-6.00","0","bK14HJ7N"
"(2016 CD30)","2056-2105","5","5.8e-5","10.53","27.7","0.010","-5.52","-5.55","0","bK16C30D"
"(2010 UB)","2116-2119","4","6.2e-6","7.99","24.8","0.037","-5.52","-5.66","0","bK10U00B"
"(2020 GO1)","2064-2122","93","1.2e-4","6.85","27.6","0.010","-5.52","-6.02","0","bK20G01O"
"(2021 ER)","2072-2122","29","7.1e-5","4.30","27.0","0.014","-5.52","-6.05","0","bK21E00R"
"(2023 YB2)","2123-2123","1","1.7e-6","11.19","23.8","0.059","-5.52","-5.52","0","bK23Y02B"
"(2024 AZ3)","2089-2123","60","3.4e-4","9.88","28.8","0.006","-5.52","-5.85","0","bK24A03Z"
"(2023 SY5)","2089-2115","2","7.5e-5","10.99","27.6","0.010","-5.53","-5.53","0","bK23S05Y"
"(2016 CK137)","2041-2122","159","5.3e-5","9.83","27.3","0.012","-5.54","-6.11","0","bK16CD7K"
"(2009 JL2)","2057-2116","19","8.2e-6","12.83","26.0","0.022","-5.54","-5.96","0","bK09J02L"
"(2017 RZ15)","2070-2122","29","6.5e-5","7.86","27.1","0.013","-5.54","-5.94","0","bK17R15Z"
"(2023 JE5)","2071-2115","2","3.5e-6","9.22","25.0","0.034","-5.54","-5.54","0","bK23J05E"
"(2020 DK)","2089-2122","34","1.6e-5","10.45","26.0","0.021","-5.55","-6.32","0","bK20D00K"
"(2020 VO1)","2058-2121","66","1.4e-4","7.68","28.0","0.009","-5.55","-5.84","0","bK20V01O"
"(2023 VD1)","2060-2123","40","6.3e-6","8.55","25.1","0.033","-5.55","-6.30","0","bK23V01D"
"(2018 VA8)","2098-2120","58","3.4e-5","11.82","26.9","0.014","-5.56","-5.95","0","bK18V08A"
"(2018 VC7)","2049-2119","15","5.8e-5","4.22","27.4","0.011","-5.56","-5.83","0","bK18V07C"
"(2022 SA11)","2076-2121","35","3.5e-4","6.55","28.7","0.006","-5.56","-5.59","0","bK22S11A"
"(2023 MW5)","2051-2122","37","5.4e-5","7.11","27.0","0.013","-5.57","-6.25","0","bK23M05W"
"(2023 XU5)","2088-2115","51","6.2e-5","8.41","27.2","0.012","-5.57","-5.77","0","bK23X05U"
"(2018 YH2)","2031-2120","31","1.4e-7","9.69","23.1","0.082","-5.58","-6.03","0","bK18Y02H"
"(2009 FG)","2042-2122","71","5.9e-6","9.12","25.5","0.027","-5.58","-6.03","0","bK09F00G"
"(2016 TY55)","2074-2121","31","4.2e-5","4.61","26.9","0.014","-5.58","-5.69","0","bK16T55Y"
"(2010 TW149)","2071-2107","32","6.8e-6","17.07","25.9","0.023","-5.58","-6.29","0","bK10TE9W"
"(2018 EV3)","2081-2121","13","5.0e-5","12.58","27.1","0.013","-5.59","-5.65","0","bK18E03V"
"(2023 RH2)","2092-2121","3","7.3e-7","22.19","23.9","0.056","-5.59","-5.68","0","bK23R02H"
"(2022 KK2)","2060-2122","33","1.2e-4","15.57","28.4","0.007","-5.60","-5.80","0","bK22K02K"
"(2009 BF58)","2060-2122","59","5.8e-5","6.68","27.2","0.012","-5.60","-6.03","0","bK09B58F"
"(2018 FE4)","2098-2106","4","1.5e-6","20.69","24.7","0.039","-5.60","-5.86","0","bK18F04E"
"(2020 ED)","2096-2120","7","4.3e-5","7.09","26.9","0.014","-5.61","-5.76","0","bK20E00D"
"(2021 RR14)","2089-2119","15","5.6e-5","3.09","26.9","0.014","-5.61","-5.83","0","bK21R14R"
"(2018 HW1)","2105-2122","16","1.8e-5","4.74","25.8","0.024","-5.61","-5.67","0","bK18H01W"
"(2011 FQ6)","2053-2115","32","6.6e-5","10.50","27.7","0.010","-5.61","-5.74","0","bK11F06Q"
"(2019 UT)","2099-2120","14","1.1e-4","10.90","27.9","0.009","-5.62","-5.94","0","bK19U00T"
"(2009 TD17)","2039-2121","142","3.8e-5","6.58","27.7","0.010","-5.62","-5.84","0","bK09T17D"
"(2024 BZ15)","2031-2121","29","4.2e-6","11.31","26.3","0.018","-5.62","-5.75","0","bK24B15Z"
"(2016 NK22)","2084-2122","177","4.7e-4","6.88","28.9","0.005","-5.62","-5.84","0","bK16N22K"
"(2017 UL7)","2041-2054","2","3.6e-7","16.22","24.4","0.045","-5.63","-5.71","0","bK17U07L"
"(2010 UH)","2061-2122","70","5.5e-5","6.74","27.1","0.013","-5.64","-5.86","0","bK10U00H"
"(2011 MD)","2098-2122","29","2.0e-4","1.48","28.0","0.008","-5.64","-6.18","0","bK11M00D"
"(2020 UT4)","2045-2121","36","4.3e-5","17.92","28.2","0.008","-5.64","-6.08","0","bK20U04T"
"(2006 UU17)","2099-2119","9","2.1e-5","9.77","26.4","0.018","-5.64","-5.99","0","bK06U17U"
"(2017 QF3)","2043-2121","69","3.1e-5","12.75","27.8","0.009","-5.65","-6.10","0","bK17Q03F"
"(2017 YO5)","2084-2120","26","1.8e-5","7.34","26.1","0.020","-5.66","-6.07","0","bK17Y05O"
"(2022 HO2)","2065-2072","3","2.4e-6","15.48","25.4","0.028","-5.66","-5.66","0","bK22H02O"
"(2009 WR52)","2031-2122","127","1.0e-4","5.41","28.3","0.007","-5.66","-5.91","0","bK09W52R"
"(2011 AY22)","2044-2118","34","2.9e-5","12.98","27.1","0.013","-5.67","-6.42","0","bK11A22Y"
"(2022 YE)","2066-2068","4","1.0e-6","17.24","24.8","0.038","-5.67","-6.06","0","bK22Y00E"
"(2012 LJ)","2069-2072","2","2.5e-6","18.68","25.6","0.026","-5.68","-5.69","0","bK12L00J"
"(2017 OE7)","2106-2119","6","2.6e-5","4.28","26.3","0.019","-5.68","-5.71","0","bK17O07E"
"(2020 SW5)","2110-2122","6","6.8e-6","15.79","25.8","0.023","-5.68","-5.94","0","bK20S05W"
"(2024 CZ3)","2080-2123","5","2.8e-6","8.72","24.9","0.035","-5.68","-5.69","0","bK24C03Z"
"(2007 XZ9)","2065-2118","5","1.4e-6","13.01","24.8","0.037","-5.69","-5.83","0","bK07X09Z"
"(2007 UN12)","2089-2122","27","4.0e-4","1.57","28.8","0.006","-5.69","-6.17","0","bK07U12N"
"(2010 UY7)","2066-2121","101","2.4e-4","3.87","28.5","0.007","-5.70","-6.15","0","bK10U07Y"
"(2020 FK6)","2054-2117","113","6.2e-5","13.19","28.1","0.008","-5.70","-6.70","0","bK20F06K"
"(2018 BN6)","2077-2122","40","2.4e-5","10.23","26.8","0.015","-5.70","-5.99","0","bK18B06N"
"(2017 UJ43)","2050-2116","29","5.1e-5","6.90","27.8","0.009","-5.70","-5.84","0","bK17U43J"
"(2017 FN1)","2033-2072","9","1.7e-4","17.92","30.6","0.003","-5.70","-5.78","0","bK17F01N"
"(2022 SY24)","2049-2122","131","2.1e-4","11.27","28.9","0.005","-5.71","-6.24","0","bK22S24Y"
"(2009 HW67)","2046-2079","11","2.8e-6","22.62","26.1","0.020","-5.71","-6.11","0","bK09H67W"
"(2021 LQ)","2112-2112","3","9.0e-7","24.24","24.5","0.043","-5.71","-5.81","0","bK21L00Q"
"(2006 WZ184)","2071-2121","85","1.5e-5","7.26","26.1","0.021","-5.71","-6.56","0","bK06WI4Z"
"(2011 BF40)","2083-2083","1","1.2e-6","18.50","24.8","0.037","-5.71","-5.71","0","bK11B40F"
"(2022 XX)","2082-2121","112","2.6e-4","6.37","28.7","0.006","-5.71","-6.14","0","bK22X00X"
"(2023 ES1)","2047-2122","9","4.1e-5","7.79","27.8","0.009","-5.71","-5.80","0","bK23E01S"
"(2021 XU5)","2040-2105","43","1.0e-4","19.10","29.4","0.005","-5.71","-6.05","0","bK21X05U"
"(2021 RF12)","2055-2083","6","4.0e-5","12.26","28.0","0.009","-5.71","-5.98","0","bK21R12F"
"(2021 WE6)","2076-2119","4","7.5e-6","11.41","25.8","0.023","-5.71","-6.01","0","bK21W06E"
"(2014 QC391)","2078-2122","86","6.2e-5","7.61","27.5","0.011","-5.72","-6.18","0","bK14Qd1C"
"(2019 FA)","2036-2111","60","7.2e-5","5.68","28.7","0.006","-5.72","-6.20","0","bK19F00A"
"(2012 PB20)","2089-2121","22","5.1e-6","4.03","24.9","0.035","-5.72","-6.15","0","bK12P20B"
"(2023 FH7)","2073-2120","8","1.7e-4","8.31","28.8","0.006","-5.72","-5.72","0","bK23F07H"
"(2022 SG5)","2090-2116","9","4.5e-6","24.12","26.0","0.022","-5.72","-5.95","0","bK22S05G"
"(2006 BM8)","2096-2122","32","4.3e-6","14.79","25.4","0.028","-5.73","-6.18","0","bK06B08M"
"(2020 UO4)","2105-2122","8","3.3e-4","3.22","28.6","0.006","-5.73","-5.96","0","bK20U04O"
"(2021 JY3)","2077-2121","43","1.6e-4","3.86","28.4","0.007","-5.74","-6.17","0","bK21J03Y"
"(2015 TG24)","2102-2121","82","2.5e-5","9.84","26.7","0.016","-5.74","-6.73","0","bK15T24G"
"(2020 AO1)","2049-2049","1","1.5e-7","17.02","23.7","0.062","-5.74","-5.74","0","bK20A01O"
"(2021 VB2)","2072-2083","3","9.0e-5","8.26","28.3","0.007","-5.74","-5.74","0","bK21V02B"
"(2017 YO3)","2049-2104","14","4.1e-5","8.31","28.2","0.008","-5.75","-5.81","0","bK17Y03O"
"(2015 EO)","2050-2107","14","8.5e-6","14.25","26.6","0.016","-5.75","-6.03","0","bK15E00O"
"(2019 NP5)","2106-2121","9","9.5e-5","5.09","27.6","0.010","-5.75","-5.91","0","bK19N05P"
"(2012 VS76)","2081-2120","15","1.9e-5","11.46","26.9","0.014","-5.76","-6.06","0","bK12V76S"
"(2005 SO1)","2110-2121","15","4.7e-6","12.02","25.4","0.028","-5.76","-6.24","0","bK05S01O"
"(2022 VF1)","2071-2095","2","6.1e-8","17.96","22.3","0.120","-5.76","-5.88","0","bK22V01F"
"(2017 AT20)","2028-2122","153","1.4e-5","7.57","27.1","0.013","-5.76","-6.36","0","bK17A20T"
"(2022 JV1)","2074-2122","80","6.4e-5","6.45","27.5","0.011","-5.77","-6.66","0","bK22J01V"
"(2010 TW54)","2088-2122","16","6.6e-5","7.76","27.6","0.010","-5.77","-6.13","0","bK10T54W"
"(2006 SC)","2043-2109","9","1.5e-6","12.22","25.2","0.031","-5.77","-5.90","0","bK06S00C"
"(2005 TH50)","2047-2118","37","6.9e-5","4.95","28.0","0.009","-5.78","-6.11","0","bK05T50H"
"(2022 GU3)","2109-2116","4","7.1e-6","8.40","25.6","0.026","-5.78","-5.79","0","bK22G03U"
"(2011 DS)","2065-2122","42","2.8e-5","6.54","27.0","0.013","-5.79","-6.10","0","bK11D00S"
"(2020 AW)","2061-2122","265","2.0e-4","4.55","28.7","0.006","-5.79","-6.56","0","bK20A00W"
"(2019 JR2)","2079-2122","37","2.5e-5","13.36","27.1","0.013","-5.79","-5.96","0","bK19J02R"
"(2018 BL11)","2102-2122","27","1.1e-4","11.28","28.2","0.008","-5.79","-6.09","0","bK18B11L"
"(2016 SK2)","2075-2082","3","2.3e-6","13.64","25.3","0.030","-5.79","-5.81","0","bK16S02K"
"(2022 QC1)","2103-2111","2","3.0e-6","15.58","25.3","0.030","-5.79","-5.88","0","bK22Q01C"
"(2021 UO1)","2038-2112","24","1.3e-5","18.51","28.0","0.009","-5.79","-5.97","0","bK21U01O"
"(2023 XR14)","2093-2117","28","1.1e-4","10.28","28.3","0.007","-5.79","-5.85","0","bK23X14R"
"(2016 TQ2)","2110-2120","18","1.2e-5","15.21","26.4","0.017","-5.80","-6.02","0","bK16T02Q"
"(2020 KC5)","2092-2104","3","3.6e-5","8.96","27.3","0.012","-5.80","-5.80","0","bK20K05C"
"(2021 AB4)","2078-2117","46","2.5e-5","5.90","26.8","0.015","-5.80","-6.32","0","bK21A04B"
"(2019 GD4)","2065-2122","73","5.7e-5","7.52","27.7","0.010","-5.80","-6.16","0","bK19G04D"
"(2022 OK5)","2115-2120","2","2.8e-7","18.36","23.2","0.077","-5.80","-5.83","0","bK22O05K"
"(2020 KU)","2070-2108","34","1.4e-4","6.92","28.5","0.007","-5.80","-6.08","0","bK20K00U"
"(2008 EA9)","2053-2122","160","6.1e-5","1.25","27.7","0.010","-5.81","-6.67","0","bK08E09A"
"(2016 CL18)","2033-2116","9","5.8e-7","11.88","24.0","0.054","-5.81","-6.40","0","bK16C18L"
"(2020 XG)","2081-2121","113","8.8e-5","11.11","28.1","0.008","-5.81","-6.48","0","bK20X00G"
"(2023 SM5)","2105-2122","8","1.6e-5","11.45","26.5","0.017","-5.81","-5.95","0","bK23S05M"
"(2024 AM4)","2080-2124","113","2.7e-4","1.81","28.7","0.006","-5.81","-6.54","0","bK24A04M"
"(2016 CG18)","2062-2122","102","1.6e-4","4.26","28.5","0.007","-5.82","-6.28","0","bK16C18G"
"(2020 WN5)","2068-2122","209","6.5e-5","11.60","28.0","0.009","-5.82","-6.40","0","bK20W05N"
"(2006 WV29)","2036-2120","39","6.0e-6","16.75","26.5","0.017","-5.82","-6.37","0","bK06W29V"
"(2011 BP40)","2031-2119","29","1.7e-6","3.46","25.4","0.028","-5.83","-6.25","0","bK11B40P"
"(2021 RP2)","2050-2122","427","8.0e-4","4.45","30.2","0.003","-5.83","-6.32","0","bK21R02P"
"(2023 UM4)","2115-2115","2","1.3e-5","9.25","26.3","0.019","-5.83","-5.97","0","bK23U04M"
"(2008 EV84)","2041-2041","1","7.2e-7","12.92","25.4","0.029","-5.84","-5.84","0","bK08E84V"
"(2020 LV)","2109-2122","6","5.5e-6","4.49","25.3","0.030","-5.84","-5.90","0","bK20L00V"
"(2013 RS43)","2073-2122","67","3.0e-5","5.69","27.0","0.013","-5.84","-6.42","0","bK13R43S"
"(2023 HT4)","2110-2119","5","4.6e-7","9.29","23.3","0.076","-5.84","-6.30","0","bK23H04T"
"(2023 UG4)","2081-2120","25","1.6e-5","3.93","26.4","0.017","-5.84","-6.36","0","bK23U04G"
"(2022 FP2)","2054-2121","42","6.9e-5","4.88","28.3","0.007","-5.85","-5.98","0","bK22F02P"
"(2022 LL1)","2118-2118","4","2.2e-6","24.30","25.5","0.026","-5.85","-6.00","0","bK22L01L"
"(2021 RL14)","2098-2121","15","4.4e-5","9.68","27.4","0.011","-5.85","-5.96","0","bK21R14L"
"(2021 VM22)","2090-2109","4","3.4e-5","9.11","27.4","0.011","-5.85","-5.87","0","bK21V22M"
"(2023 VZ)","2097-2108","7","1.1e-5","19.68","26.9","0.014","-5.85","-6.18","0","bK23V00Z"
"(2013 NH6)","2060-2060","2","8.6e-8","21.74","23.4","0.073","-5.86","-6.15","0","bK13N06H"
"(2016 CY135)","2103-2119","6","1.9e-6","6.74","24.5","0.043","-5.86","-6.30","0","bK16CD5Y"
"(2013 RO30)","2044-2090","6","9.8e-5","9.26","28.4","0.007","-5.86","-5.97","0","bK13R30O"
"(2007 UD6)","2058-2106","80","8.6e-5","5.99","28.3","0.007","-5.86","-6.46","0","bK07U06D"
"(2018 LR3)","2077-2122","21","1.6e-5","4.17","26.3","0.019","-5.86","-6.04","0","bK18L03R"
"(2022 QO2)","2070-2090","2","1.8e-5","17.93","27.8","0.010","-5.86","-5.88","0","bK22Q02O"
"(2023 FZ3)","2034-2034","1","9.7e-8","19.87","24.4","0.044","-5.86","-5.86","0","bK23F03Z"
"(2018 EE9)","2067-2115","21","7.5e-6","15.95","26.3","0.019","-5.86","-5.95","0","bK18E09E"
"(2019 AW2)","2072-2072","1","1.7e-6","13.73","25.3","0.029","-5.87","-5.87","0","bK19A02W"
"(2022 UT16)","2083-2120","4","2.4e-5","7.92","26.9","0.014","-5.87","-5.89","0","bK22U16T"
"(2009 HC)","2095-2114","6","2.9e-6","3.72","24.8","0.038","-5.87","-6.19","0","bK09H00C"
"(2023 JV)","2092-2121","5","1.3e-6","14.35","24.6","0.041","-5.87","-5.95","0","bK23J00V"
"(2020 UX4)","2074-2112","8","6.1e-6","7.67","25.8","0.024","-5.88","-6.00","0","bK20U04X"
"(2019 NO2)","2102-2117","5","9.7e-5","8.72","28.3","0.008","-5.88","-5.88","0","bK19N02O"
"(2007 TL16)","2074-2092","15","6.6e-6","11.42","26.2","0.019","-5.88","-6.15","0","bK07T16L"
"(2017 WL15)","2058-2114","13","2.7e-6","18.01","25.8","0.023","-5.89","-6.38","0","bK17W15L"
"(2012 BU1)","2069-2121","34","4.8e-5","8.96","27.7","0.010","-5.89","-6.38","0","bK12B01U"
"(2020 WD)","2055-2120","15","1.0e-4","5.69","28.2","0.008","-5.89","-6.13","0","bK20W00D"
"(2016 GK2)","2092-2122","19","4.9e-5","9.12","27.8","0.009","-5.89","-6.15","0","bK16G02K"
"(2014 OM207)","2089-2108","5","2.4e-4","8.20","29.1","0.005","-5.89","-5.90","0","bK14OK7M"
"(2017 RC)","2084-2121","63","6.6e-5","9.85","27.9","0.009","-5.89","-6.44","0","bK17R00C"
"(2023 KZ2)","2115-2123","3","1.0e-5","10.91","26.2","0.019","-5.89","-5.89","0","bK23K02Z"
"(2009 TU)","2086-2120","13","1.9e-5","15.15","27.4","0.011","-5.90","-6.45","0","bK09T00U"
"(2015 ET)","2076-2120","14","1.1e-5","11.67","26.7","0.016","-5.90","-6.36","0","bK15E00T"
"(2020 UK2)","2082-2121","13","2.1e-5","7.61","26.9","0.014","-5.91","-6.31","0","bK20U02K"
"(2021 XY3)","2067-2074","4","5.7e-6","16.90","26.7","0.016","-5.91","-6.07","0","bK21X03Y"
"(2022 BT)","2080-2122","302","5.6e-4","3.81","29.8","0.004","-5.91","-6.19","0","bK22B00T"
"(2022 CS)","2072-2075","3","2.8e-6","14.47","25.9","0.022","-5.92","-6.01","0","bK22C00S"
"(2013 GA55)","2070-2122","37","4.8e-5","9.34","27.7","0.010","-5.92","-6.08","0","bK13G55A"
"(2020 YB1)","2073-2120","36","1.2e-5","11.79","26.8","0.015","-5.92","-6.27","0","bK20Y01B"
"(2018 RB2)","2089-2119","57","2.8e-5","9.06","27.3","0.012","-5.93","-6.23","0","bK18R02B"
"(2022 TW2)","2070-2122","176","1.4e-4","3.99","28.5","0.007","-5.93","-6.55","0","bK22T02W"
"(2018 BD)","2032-2097","10","6.9e-5","8.89","30.1","0.003","-5.93","-5.93","0","bK18B00D"
"(2023 HM4)","2118-2118","1","7.8e-5","1.17","27.7","0.010","-5.93","-5.93","0","bK23H04M"
"(2023 TM3)","2082-2121","30","1.6e-5","11.28","26.9","0.014","-5.93","-6.42","0","bK23T03M"
"(2014 FX32)","2076-2108","2","1.6e-6","9.05","25.1","0.033","-5.94","-5.94","0","bK14F32X"
"(2007 EO88)","2073-2111","22","8.7e-6","10.95","26.4","0.018","-5.94","-6.47","0","bK07E88O"
"(2015 MN11)","2081-2105","3","4.2e-7","21.07","24.5","0.042","-5.94","-5.96","0","bK15M11N"
"(2022 DT4)","2099-2118","6","9.3e-6","7.31","26.2","0.019","-5.94","-6.01","0","bK22D04T"
"(2023 RO1)","2070-2123","24","5.2e-6","12.77","26.0","0.021","-5.94","-6.31","0","bK23R01O"
"(2023 YO1)","2078-2115","3","9.6e-6","2.72","25.9","0.022","-5.94","-5.98","0","bK23Y01O"
"(2018 RH3)","2108-2108","1","8.4e-6","8.32","26.1","0.020","-5.95","-5.95","0","bK18R03H"
"(2020 FZ2)","2110-2122","10","1.2e-6","22.32","25.1","0.032","-5.95","-6.21","0","bK20F02Z"
"(2016 JB29)","2090-2117","3","1.5e-6","8.57","24.7","0.039","-5.95","-6.02","0","bK16J29B"
"(2022 AP1)","2059-2107","16","5.1e-5","10.48","28.4","0.007","-5.96","-6.10","0","bK22A01P"
"(2019 SC)","2051-2051","1","6.1e-6","14.26","27.2","0.012","-5.96","-5.96","0","bK19S00C"
"(2019 BZ)","2077-2122","42","3.1e-5","8.62","27.6","0.010","-5.96","-6.20","0","bK19B00Z"
"(2021 AX6)","2062-2120","11","9.9e-6","7.13","26.9","0.014","-5.97","-6.01","0","bK21A06X"
"(2013 BR27)","2067-2112","61","2.9e-5","10.95","27.7","0.010","-5.97","-6.39","0","bK13B27R"
"(2014 AD16)","2087-2121","5","2.5e-5","8.33","27.4","0.011","-5.97","-5.98","0","bK14A16D"
"(2019 RT3)","2080-2118","11","2.5e-6","7.62","25.2","0.031","-5.97","-6.24","0","bK19R03T"
"(2010 UC7)","2104-2118","11","1.3e-6","13.40","24.7","0.039","-5.97","-6.52","0","bK10U07C"
"(2017 UA45)","2099-2121","11","8.7e-6","5.42","25.9","0.022","-5.98","-6.15","0","bK17U45A"
"(2009 HS44)","2111-2111","1","6.7e-6","18.29","26.6","0.017","-5.98","-5.98","0","bK09H44S"
"(2005 TM173)","2027-2088","6","6.3e-8","9.36","23.9","0.055","-5.98","-6.04","0","bK05TH3M"
"(2021 EO)","2089-2122","10","3.0e-6","7.45","25.1","0.032","-5.98","-6.53","0","bK21E00O"
"(2023 JK)","2096-2102","3","1.4e-6","9.87","24.8","0.037","-5.98","-6.08","0","bK23J00K"
"(2023 VF4)","2118-2122","5","4.8e-6","12.23","25.8","0.024","-5.98","-6.28","0","bK23V04F"
"(2023 SL5)","2058-2119","32","4.7e-5","13.31","28.7","0.006","-5.98","-6.36","0","bK23S05L"
"(2024 AH3)","2053-2123","22","2.9e-6","10.42","25.6","0.025","-5.98","-6.61","0","bK24A03H"
"(2021 RM10)","2057-2104","8","1.8e-6","11.06","25.4","0.029","-5.99","-6.31","0","bK21R10M"
"(2022 HB2)","2079-2123","12","2.1e-5","7.97","27.3","0.012","-5.99","-6.20","0","bK22H02B"
"(2023 NQ1)","2120-2120","1","1.2e-7","23.30","23.1","0.081","-5.99","-5.99","0","bK23N01Q"
"(2024 BJ3)","2077-2105","12","2.8e-6","17.53","26.0","0.021","-5.99","-6.53","0","bK24B03J"
"(2011 WN69)","2086-2109","6","3.1e-6","23.08","26.2","0.020","-6.00","-6.24","0","bK11W69N"
"(2023 FU6)","2078-2119","16","1.6e-5","9.82","27.0","0.014","-6.00","-6.31","0","bK23F06U"